<chart caption='Monthly Sales Summary' subcaption='For the year 2006' xAxisName='Month' yAxisName='Sales' numberPrefix='$'>
	<set label='Jan' value='17400' />
	<set label='Feb' value='19800' />
	<set label='Mar' value='21800' />
	<set label='Apr' value='23800' >
	<set label='May' value='29600' />
	<set label='Jun' value='27600' />
	<set label='Jul' value='31800' />
	<set label='Aug' value='39700' />
	<set label='Sep' value='37800' />
	<set label='Oct' value='21900' />
	<set label='Nov' value='32900' />
	<set label='Dec' value='39800' />
</chart>