<chart palette='1' caption='Sales' shownames='1' showvalues='0' numberPrefix='$' sYAxisValuesDecimals='2' connectNullData='0' PYAxisName='Revenue' SYAxisName='Quantity'  numDivLines='4' formatNumberScale='0'>
<categories>
<category label='March' />
<category label='April' />
<category label='May' />
<category label='June' />
<category label='July' />
</categories>
<dataset seriesName='Product A' color='AFD8F8' showValues='0'>
<set value='25601.34' />
<set value='20148.82' />
<set value='17372.76' />
<set value='35407.15' />
<set value='38105.68' />
</dataset>
<dataset seriesName='Product B' color='F6BD0F' showValues='0' >
<set value='57401.85' /> 
<set value='41941.19' />
<set value='45263.37' />
<set value='117320.16' />
<set value='114845.27' dashed='1'/>
</dataset>
<dataset seriesName='Total Quantity' color='8BBA00' showValues='0' parentYAxis='S' >
<set value='45000' />
<set value='44835' />
<set value='42835' />
<set value='77557' />
<set value='92633' />
</dataset>
</chart>